rows,n_stages,spearman_global,ndcg_at_5,ndcg_at_10,ndcg_at_20,top_1_accuracy,top_5_accuracy,top_10_accuracy,top_20_accuracy,mean_stage_spearman,run_label,model_type,score_name,target,target_rows,actual_train_rows,seed,n_estimators,model_path,balance_probabilities
8897,57,0.309018650614638,0.3935323607656781,0.4051943924717324,0.4362749356590536,0.2105263157894736,0.3684210526315789,0.4912280701754385,0.5614035087719298,0.3038475580993947,tabpfn_client_lc_val2023_classifier_balanced_minrows_25000_seed_42_estimators_4,classifier_balanced,top10_probability,target_ordinal,25000,25093,42,4,auto,True
8897,57,0.2961419117810377,0.3787535739062249,0.3912111610725751,0.4196995080050589,0.1578947368421052,0.3333333333333333,0.5263157894736842,0.5789473684210527,0.2933465772325262,tabpfn_client_lc_val2023_classifier_balanced_minrows_50000_seed_42_estimators_4,classifier_balanced,top10_probability,target_ordinal,50000,50007,42,4,auto,True
8897,57,0.310023008079259,0.3886924692067991,0.4055449391883468,0.4349645140907583,0.1403508771929824,0.3508771929824561,0.5263157894736842,0.5789473684210527,0.3066736383898808,tabpfn_client_lc_val2023_classifier_balanced_minrows_75000_seed_42_estimators_4,classifier_balanced,top20_probability,target_ordinal,75000,75030,42,4,auto,True
8897,57,0.3064051037778968,0.3958662585467306,0.4056501376760806,0.4406610037058126,0.1929824561403508,0.4210526315789473,0.5087719298245614,0.5964912280701754,0.3037753885306473,tabpfn_client_lc_val2023_classifier_balanced_minrows_100000_seed_42_estimators_4,classifier_balanced,top10_probability,target_ordinal,100000,100139,42,4,auto,True
