target,score_col,rows,max_abs_diff,mean_abs_diff,allclose_1e_6,prediction_check_atol,within_prediction_tolerance
top5,p_top5_raw,35,0.0003383159637451172,0.00013695486954281062,False,0.002,True
top10,p_top10_raw,35,0.00042641162872314453,0.0001117733972413243,False,0.002,True
top20,p_top20_raw,35,0.0007500648498535156,0.00017627360565321805,False,0.002,True
