target,rows,max_abs_diff,mean_abs_diff,allclose_1e_4
top5,30,0.0004717409610748291,7.569190735618505e-05,False
top10,30,0.00037604570388793945,9.8055942604941e-05,False
top20,30,0.0004011392593383789,0.00011249917248885022,False
