variant_name,score_name,test_scope,n_stages,ndcg_at_5,ndcg_at_10,ndcg_at_20,top_1_accuracy,top_5_accuracy,top_10_accuracy,top_20_accuracy,map
standard,score_topk_raw_sum,2024,57,0.3720187104793457,0.39366252707758365,0.4387880248860822,0.22807017543859648,0.42105263157894735,0.5614035087719298,0.6491228070175439,0.4241766857050809
standard,score_topk_raw_sum,2025,55,0.3368786303978802,0.3579959929434569,0.42089961930249276,0.18518518518518517,0.4074074074074074,0.5925925925925926,0.6851851851851852,0.3764904787122864
thinking_medium_roc_auc,score_topk_raw_sum,2024,57,0.3789452109675764,0.3727634637239655,0.4286210158690148,0.2631578947368421,0.43859649122807015,0.47368421052631576,0.6140350877192983,0.4120555959454611
thinking_medium_roc_auc,score_topk_raw_sum,2025,55,0.35263642997251143,0.3626323613337338,0.4243183496416608,0.2222222222222222,0.46296296296296297,0.5740740740740741,0.6481481481481481,0.38137072394016386
