variant_name,score_name,test_scope,n_stages,ndcg_at_5,ndcg_at_10,ndcg_at_20,top_1_accuracy,top_5_accuracy,top_10_accuracy,top_20_accuracy,map
thinking_medium_roc_auc,score_topk_raw_sum,2024,57,0.3789452109675764,0.3727634637239655,0.4286210158690148,0.2631578947368421,0.43859649122807015,0.47368421052631576,0.6140350877192983,0.4120555959454611
thinking_medium_roc_auc,score_topk_raw_sum,2025,55,0.35263642997251143,0.3626323613337338,0.4243183496416608,0.2222222222222222,0.46296296296296297,0.5740740740740741,0.6481481481481481,0.38137072394016386
