variant_name,scope,rows,monotonic_rows,monotonicity_violation_rows,monotonicity_violation_rate,top5_gt_top10_rate,top10_gt_top20_rate
standard,overall,17802,8301,9501,0.5337040781934614,0.3413661386361083,0.3236153241208853
standard,year_2024,8933,4287,4646,0.5200940333594537,0.33292287025635287,0.3123250867569685
standard,year_2025,8869,4014,4855,0.5474123350997858,0.3498703348742812,0.33498703348742814
thinking_medium_roc_auc,overall,17802,9136,8666,0.48679923604089426,0.3627120548253005,0.24193910796539714
thinking_medium_roc_auc,year_2024,8933,4762,4171,0.466920407477891,0.3375125937534983,0.2354192320608978
thinking_medium_roc_auc,year_2025,8869,4374,4495,0.5068215131356409,0.38809335889051755,0.248506032247153
