variant_name,score_name,test_scope,n_stages,ndcg_at_5,ndcg_at_10,ndcg_at_20,top_1_accuracy,top_5_accuracy,top_10_accuracy,top_20_accuracy,map
standard,score_topk_raw_sum,2024,57,0.37641249213958167,0.39419530548084003,0.43971617829544984,0.22807017543859648,0.42105263157894735,0.5614035087719298,0.6491228070175439,0.42493935575505415
standard,score_topk_raw_sum,2025,55,0.3359506753184969,0.35524757739695595,0.42104000491139965,0.18518518518518517,0.4074074074074074,0.5925925925925926,0.6851851851851852,0.37656955647429136
